County Name,Census Tract,Count,Population,"Age-Adjusted Rate per 100,000",Lower CI,Upper CI,IBL Ranking
Adams,53001950100,44,12464,259.95,186.15,364.29,9
Adams,53001950200,29,8748,336.16,219.68,501.79,10
Adams,53001950300,30,36398,276.58,176.84,417.95,9
Adams,53001950400,30,15835,185.13,122.93,270.86,5
Adams,53001950500,18,26554,222.99,124.29,379.07,8
Asotin,53003960100,60,22712,166.26,125.74,226.45,4
Asotin,53003960200,77,24182,162.51,126.02,214.03,4
Asotin,53003960300,51,19031,177.78,131.3,241.55,5
Asotin,53003960400,45,11268,232.53,165.05,332.86,8
Asotin,53003960500,80,16930,202.51,157.05,268.13,7
Asotin,53003960600,57,17897,181.25,135.32,247.59,5
Benton,53005010100,46,22972,110.68,78.04,167.06,1
Benton,53005010201,45,26987,154.97,110.48,216.43,3
Benton,53005010202,91,33060,171.95,136.71,217.45,5
Benton,53005010300,71,27412,173.95,134.93,224.29,5
Benton,53005010400,39,18184,192.13,135.89,267.81,6
Benton,53005010500,54,15214,237.13,171.8,324.85,8
Benton,53005010600,56,21983,200.59,150.6,265.53,6
Benton,53005010701,16,11601,306.22 (NR),137.94 (NR),604.15 (NR),10
Benton,53005010703,30,16174,151.18,100.41,223.52,3
Benton,53005010705,28,28143,239.1,141.98,381.28,8
Benton,53005010707,19,16356,158.24,91.83,260.93,4
Benton,53005010708,30,20972,191.67,123.46,286.8,6
Benton,53005010803,76,43962,147.38,115.66,187.46,3
Benton,53005010805,56,33412,179.51,133.4,240.04,5
Benton,53005010807,10,6265,221.12 (NR),87.11 (NR),498.01 (NR),8
Benton,53005010809,65,32972,213.89,164.14,274.78,7
Benton,53005010810,79,26358,180.96,143.07,232.51,5
Benton,53005010811,23,23220,254.42,148.2,411.33,9
Benton,53005010813,149,69240,155.49,131.11,184.57,3
Benton,53005010814,13,21584,165.79 (NR),80.13 (NR),312.41 (NR),4
Benton,53005010901,89,31701,271.31,216.89,337.1,9
Benton,53005010902,49,25203,288.27,208.08,391.62,10
Benton,53005011001,90,25434,229.55,180.87,291.85,8
Benton,53005011002,43,23878,196.88,141.88,268.44,6
Benton,53005011100,98,38112,240.6,194.94,295.02,8
Benton,53005011200,69,42490,229.98,178.31,293.29,8
Benton,53005011300,48,25741,202.49,148.98,270.13,7
Benton,53005011401,44,20088,350.4,244.97,491.46,10
Benton,53005011402,57,26386,169.64,127.51,225.21,4
Benton,53005011501,73,34849,219.97,168.74,283.43,8
Benton,53005011503,157,54461,196.9,166.69,232.45,6
Benton,53005011504,20,15325,233.12,130.54,392.37,8
Benton,53005011600,14,5014,419.75 (NR),163.01 (NR),1048.54 (NR),10
Benton,53005011700,91,37482,178.44,142.84,222.25,5
Benton,53005011800,43,34745,183.16,129.31,254.45,5
Benton,53005011900,58,31915,179.94,134.23,237.65,5
Benton,53005012000,0,25,0 (NR),0 (NR),0 (NR),1
Chelan,53007960100,26,13048,160.63,103.26,247.18,4
Chelan,53007960200,79,35130,123.59,97.44,161.76,2
Chelan,53007960300,67,35869,119.9,91.39,158.2,1
Chelan,53007960400,38,22237,130.71,91.44,185.71,2
Chelan,53007960500,59,35473,135.56,102.05,178.74,2
Chelan,53007960600,54,20177,140.75,103.68,193.69,2
Chelan,53007960700,38,19449,142.54,99.86,213.47,3
Chelan,53007960801,44,14714,118.89,86.13,191.46,1
Chelan,53007960802,89,40058,131.43,104.86,165.78,2
Chelan,53007961000,43,33706,126.1,90.98,171.61,2
Chelan,53007961100,122,50381,189.02,155.25,229.11,6
Chelan,53007961200,33,21207,165.72,109.96,241.88,4
Chelan,53007961301,25,6662,148,85.73,292.03,3
Chelan,53007961302,152,40508,160.98,134.97,194.31,4
Clallam,53009000200,15,8809,238.8 (NR),121.82 (NR),476.75 (NR),8
Clallam,53009000300,61,24232,278.07,211.81,359.36,10
Clallam,53009000400,28,9204,259.95,166.25,395.92,9
Clallam,53009000600,69,18074,346.85,264.7,451.83,10
Clallam,53009000700,47,18305,236.4,170.17,323.04,8
Clallam,53009000800,78,21079,198.55,154.53,257.26,6
Clallam,53009000900,43,14424,172.56,122.17,245.36,5
Clallam,53009001000,20,12581,117.63,69.98,194.65,1
Clallam,53009001100,53,15229,153.49,111.7,217.17,3
Clallam,53009001200,93,19239,214.33,169.14,276.3,7
Clallam,53009001300,61,15765,203.64,154.67,274.88,7
Clallam,53009001400,79,24134,212.79,166.98,277.74,7
Clallam,53009001500,32,10867,296.35,195.75,435.39,10
Clallam,53009001600,64,16871,181.72,130.54,269.53,5
Clallam,53009001700,99,25055,157.78,119.89,213.68,4
Clallam,53009001800,36,14219,145.93,100.35,225.95,3
Clallam,53009001900,132,29719,138.2,110.21,189.92,2
Clallam,53009002000,206,28352,152.07,126.59,196.33,3
Clallam,53009002100,121,20010,221.04,170.02,290.4,8
Clallam,53009002300,86,22240,171.93,131.91,247.2,5
Clallam,53009940000,11,7153,162.93 (NR),80.03 (NR),360.08 (NR),4
Clallam,53009990100,0,0,0 (NR),0 (NR),0 (NR),1
Clark,53011040101,50,27884,206.33,148.33,282.28,7
Clark,53011040102,30,19625,139.92,91.25,210.09,2
Clark,53011040201,40,31912,123.02,85.03,176.74,2
Clark,53011040202,36,20657,151.55,103.26,221.2,3
Clark,53011040203,72,29402,237.31,184.03,304.22,8
Clark,53011040301,25,9311,163.97,105.57,298.52,4
Clark,53011040302,46,47632,90.3,65.54,122.22,1
Clark,53011040403,50,20865,185.64,135.76,258.41,6
Clark,53011040407,57,30666,212.49,160.35,277.2,7
Clark,53011040408,71,19701,274.94,213.48,358.65,9
Clark,53011040409,24,10887,121.58,76.74,257.38,2
Clark,53011040411,79,9916,591.86,467.02,758.61,10
Clark,53011040412,38,26714,102.66,71.95,145.82,1
Clark,53011040413,34,15585,260.15,179.04,366.47,9
Clark,53011040414,35,33453,225.93,153.01,324.26,8
Clark,53011040415,60,22819,191.62,146.09,251.07,6
Clark,53011040416,32,17536,206.43,137.86,302.55,7
Clark,53011040504,32,27617,159.78,106.79,231.74,4
Clark,53011040505,71,30612,258.37,199.8,333.41,9
Clark,53011040507,22,10832,176.99,106.9,282.16,5
Clark,53011040508,52,35556,137.36,102.25,181.7,2
Clark,53011040509,35,15395,185.46,128.83,263.94,6
Clark,53011040510,64,30665,208.87,158.46,272.81,7
Clark,53011040511,19,12328,179.03,103.3,302.06,5
Clark,53011040603,53,25182,212.23,155.99,288.27,7
Clark,53011040604,55,31471,246.01,182.29,326.39,9
Clark,53011040605,63,30202,188.3,144.28,244.96,6
Clark,53011040608,21,24175,159.33,94.43,254,4
Clark,53011040609,13,25026,153.23 (NR),74.69 (NR),282.17 (NR),3
Clark,53011040610,20,18712,292.96,172.44,466.47,10
Clark,53011040703,59,33662,209.93,158.14,274.35,7
Clark,53011040706,36,19492,256.39,171.71,375.32,9
Clark,53011040707,29,16550,193,127.23,284.78,6
Clark,53011040709,38,24586,221.86,155.1,308.5,8
Clark,53011040710,93,47815,101.22,80.3,129.41,1
Clark,53011040711,26,15545,335.86,209.25,520.64,10
Clark,53011040712,35,31370,184.21,126.21,261.3,5
Clark,53011040803,45,26712,158.65,114.32,216.53,4
Clark,53011040805,64,39142,140.34,106.36,183.82,2
Clark,53011040806,52,24605,261.15,192.71,347.05,9
Clark,53011040808,20,8545,186.17,112.75,301.52,6
Clark,53011040809,37,33159,214.17,147.05,303.43,7
Clark,53011040810,26,16373,188.05,120.29,282.54,6
Clark,53011040904,56,30525,179.29,133.64,237.01,5
Clark,53011040905,32,17370,119.27,80.76,188.22,1
Clark,53011040907,45,33214,148.55,106.2,207.74,3
Clark,53011040908,64,33878,183.88,139.83,240.85,5
Clark,53011040909,81,25942,196.97,155.56,253.88,6
Clark,53011040910,32,21852,153.83,104.97,219.36,3
Clark,53011041003,74,21546,196.61,152.96,254.25,6
Clark,53011041005,18,13438,170.54,99.59,278.26,5
Clark,53011041007,77,16863,322.5,253.62,409.49,10
Clark,53011041008,44,19048,161.92,115.52,233.12,4
Clark,53011041009,77,18561,170.5,131.37,227.41,5
Clark,53011041010,54,19885,169.93,127.26,229.73,4
Clark,53011041011,38,17488,148.21,103.72,214.82,3
Clark,53011041104,25,19300,175.12,109.29,271.88,5
Clark,53011041105,47,30628,133.44,97.37,180.08,2
Clark,53011041107,33,14265,181.18,123.87,261.03,5
Clark,53011041108,196,35470,169.07,139.2,208.52,4
Clark,53011041110,68,32699,228.54,175.52,293.7,8
Clark,53011041111,18,17874,219,111.84,420.8,7
Clark,53011041112,55,29824,147.51,110.16,195.93,3
Clark,53011041201,67,33683,168.91,130.11,218.49,4
Clark,53011041203,66,26461,215.74,166.18,278.13,7
Clark,53011041205,71,25917,161.21,123.83,210.53,4
Clark,53011041206,63,30153,222.5,168.07,290.25,8
Clark,53011041309,91,24608,217.35,172.47,275.79,7
Clark,53011041310,161,24969,139.24,117.39,179.38,2
Clark,53011041312,42,23742,152.26,109.13,209.93,3
Clark,53011041313,21,14483,218.86,132.12,347.48,7
Clark,53011041317,75,23999,277.5,217.28,351.7,10
Clark,53011041318,48,29082,214.47,154.27,292.28,7
Clark,53011041319,47,32834,167.64,120.11,228.96,4
Clark,53011041320,60,31684,298.08,221.46,395.5,10
Clark,53011041321,38,14151,215.62,149.14,312.39,7
Clark,53011041322,90,22674,244.54,192.8,309.66,9
Clark,53011041323,73,27933,176.53,137.11,227.07,5
Clark,53011041325,37,28340,136.8,95.78,192.38,2
Clark,53011041326,18,12875,257.09,144.55,428.83,9
Clark,53011041327,58,45096,168.08,126.52,219.8,4
Clark,53011041328,61,30052,198.92,151.93,256.72,6
Clark,53011041329,88,24970,145.64,114.24,190.12,3
Clark,53011041330,43,23910,248.53,173.99,346.62,9
Clark,53011041331,16,13700,138.1 (NR),76.73 (NR),235.13 (NR),2
Clark,53011041332,36,19121,257.93,177.48,364.03,9
Clark,53011041333,37,16983,318.8,218.52,452.02,10
Clark,53011041400,53,28320,185.23,138.1,244.39,6
Clark,53011041500,27,13870,145.94,95.18,220.25,3
Clark,53011041600,41,18943,200.02,143.05,275.5,6
Clark,53011041700,33,20519,247.83,159.89,376.99,9
Clark,53011041800,28,21175,165.35,107.35,246.02,4
Clark,53011041900,48,10531,251.73,182.53,365.1,9
Clark,53011042000,13,8268,131.7 (NR),69.42 (NR),239.59 (NR),2
Clark,53011042100,19,16280,143.27,82.61,236.98,3
Clark,53011042300,37,18716,146.24,101.98,210.17,3
Clark,53011042400,25,11075,190.9,121.04,440.21,6
Clark,53011042500,12,8069,133.79 (NR),65.81 (NR),278.61 (NR),2
Clark,53011042600,70,27507,208.07,161.04,273.47,7
Clark,53011042700,60,22529,245.94,185.85,322.17,9
Clark,53011042800,32,14527,123.99,83.13,189.44,2
Clark,53011042900,35,8016,221.46,144.24,355.61,8
Clark,53011043000,23,9034,131.64,83.35,250.52,2
Clark,53011043100,69,20844,169.36,130.97,225.65,4
Columbia,53013960200,82,20645,183.96,143.65,244.85,5
Cowlitz,53015000300,**,2620,**,**,**,2
Cowlitz,53015000400,105,18400,235.14,183.5,311.54,8
Cowlitz,53015000501,42,14354,250.77,178.93,345.99,9
Cowlitz,53015000502,59,24961,363.99,272.46,479.16,10
Cowlitz,53015000601,61,19762,173.61,127.76,237.79,5
Cowlitz,53015000602,63,15441,186.07,138.08,256.58,6
Cowlitz,53015000702,50,15825,246.31,180.74,333.61,9
Cowlitz,53015000703,41,8428,290.81,202.69,424.11,10
Cowlitz,53015000704,111,36171,242.41,198.99,294.87,8
Cowlitz,53015000800,92,34355,165.97,132.47,209.67,4
Cowlitz,53015000900,94,36001,210.6,169.84,260.11,7
Cowlitz,53015001000,11,6235,149.36 (NR),74.25 (NR),294.56 (NR),3
Cowlitz,53015001100,67,29691,216.94,167.4,278.43,7
Cowlitz,53015001200,84,22275,221.4,175.21,284.1,8
Cowlitz,53015001300,32,18464,194.18,130.7,279.72,6
Cowlitz,53015001501,31,16702,173.46,111.64,262.23,5
Cowlitz,53015001502,116,44598,240.72,197.95,290.88,8
Cowlitz,53015001600,80,35437,187.06,145.97,238.75,6
Cowlitz,53015001700,73,27671,235.81,180.28,307.11,8
Cowlitz,53015001800,27,9386,220.84,140.81,351.21,8
Cowlitz,53015001900,80,26852,240.89,188.2,310.49,8
Cowlitz,53015002001,61,18901,159.4,121.25,222.97,4
Cowlitz,53015002002,86,32759,190.23,150.74,240.99,6
Cowlitz,53015002100,228,22223,366.29,304.63,443.99,10
Douglas,53017950100,54,36334,153.24,113.27,204.23,3
Douglas,53017950200,37,11894,202.62,140.67,315.41,7
Douglas,53017950300,62,35594,128.88,98.31,168.74,2
Douglas,53017950400,82,35905,158.15,125.45,199.05,4
Douglas,53017950500,49,17016,217.64,158.01,297.32,7
Douglas,53017950600,43,22997,127.48,91.46,178.74,2
Douglas,53017950700,46,22490,218.29,159.43,293.67,7
Douglas,53017950800,78,28599,204.87,160.78,259.55,7
Ferry,53019940000,20,8748,155.73,92.8,266.36,3
Ferry,53019970100,37,13919,149.98,102.52,231.38,3
Ferry,53019970200,48,16293,159,113.08,239.54,4
Franklin,53021020100,43,55583,200.02,140.02,279.26,6
Franklin,53021020200,39,30268,202.04,141.6,284.07,7
Franklin,53021020300,43,29084,182.9,132.29,246.73,5
Franklin,53021020400,114,47377,305.31,249.03,371.56,10
Franklin,53021020501,35,25919,126.49,86.98,180.79,2
Franklin,53021020502,76,48692,140.96,110.73,178.16,3
Franklin,53021020601,66,59365,171.05,131.34,219.6,5
Franklin,53021020603,18,20578,352.8,182.83,634.92,10
Franklin,53021020605,53,48747,178.65,130.86,239.42,5
Franklin,53021020606,31,41440,120.84,79.55,180.49,2
Franklin,53021020700,11,7643,292.43 (NR),110.67 (NR),659.26 (NR),10
Franklin,53021020800,32,48283,107.82,73.06,154.28,1
Franklin,53021980100,0,0,0 (NR),0 (NR),0 (NR),1
Garfield,53023970300,31,11055,114.22,75.39,208.91,1
Grant,53025010100,64,19567,185.8,140.67,250.68,6
Grant,53025010200,40,16081,219.71,154.64,307.33,8
Grant,53025010300,82,21382,218.17,171.69,281.2,7
Grant,53025010400,120,42508,214.15,175.68,260.38,7
Grant,53025010500,32,15362,193.39,131.2,278.85,6
Grant,53025010600,47,38434,151.25,110.1,204.34,3
Grant,53025010700,29,16783,151.14,99.18,225.57,3
Grant,53025010800,55,23489,312.4,233.12,412.58,10
Grant,53025010901,17,7224,292.57,156.29,517.32,10
Grant,53025010902,108,52325,234.89,192.02,284.86,8
Grant,53025011000,178,64060,224.56,192.1,261.78,8
Grant,53025011100,106,39120,215,175.1,263.22,7
Grant,53025011200,76,28950,240.56,188.58,305.65,8
Grant,53025011300,26,20180,167.8,106.41,255.91,4
Grant,53025011401,15,10009,156.93 (NR),85.66 (NR),268.62 (NR),4
Grant,53025011402,38,70986,140.47,96.79,198.06,2
Grays Harbor,53027000200,160,42575,196.2,162.78,240.72,6
Grays Harbor,53027000300,56,16400,245.23,183.48,329.67,9
Grays Harbor,53027000400,116,34235,202.73,167.05,248.73,7
Grays Harbor,53027000500,73,34637,182.82,142.61,232.73,5
Grays Harbor,53027000600,60,18949,216,163.03,285.48,7
Grays Harbor,53027000700,69,22408,240.36,184.62,311.26,8
Grays Harbor,53027000800,66,19743,182.5,139.36,242.31,5
Grays Harbor,53027000900,102,31203,249.98,203.3,306.34,9
Grays Harbor,53027001000,48,17873,284.15,207.73,381.32,10
Grays Harbor,53027001100,59,21383,143.83,107.31,196.65,3
Grays Harbor,53027001200,52,22128,231.72,171.05,309.17,8
Grays Harbor,53027001300,72,17200,278.48,215.33,359.3,10
Grays Harbor,53027001400,30,10226,209.94,139.07,314.83,7
Grays Harbor,53027001500,81,19549,250.72,194.78,322.16,9
Grays Harbor,53027001600,94,33535,187.33,150.52,239.65,6
Grays Harbor,53027940000,14,6234,692.01 (NR),214.12 (NR),1811.66 (NR),10
Grays Harbor,53027990000,0,0,0 (NR),0 (NR),0 (NR),1
Island,53029970100,38,13853,193.68,135.48,280.95,6
Island,53029970200,**,10439,**,**,**,10
Island,53029970300,68,25614,179.24,136.64,236.92,5
Island,53029970400,56,31474,171.43,128.85,225.12,5
Island,53029970500,61,28637,139.55,104.59,186.69,2
Island,53029970601,38,16424,182.44,126.72,260.91,5
Island,53029970602,87,17382,200.7,149.89,272.75,6
Island,53029970700,29,10116,163.81,103.57,269.56,4
Island,53029970800,31,13915,141.14,92.56,216.54,3
Island,53029970900,**,24142,**,**,**,9
Island,53029971000,109,25503,188.44,151.66,240.37,6
Island,53029971100,63,17658,157.75,117.85,226.35,4
Island,53029971300,66,24364,111.53,83.82,164.15,1
Island,53029971400,57,24081,138.97,102.2,198.45,2
Island,53029971500,56,18656,161.78,118.07,234.33,4
Island,53029971600,63,20543,188.1,143.7,249.11,6
Island,53029971700,71,22148,154.69,119.1,209.65,3
Island,53029971800,49,13746,139.97,100.05,233.27,2
Island,53029971900,92,20785,162.3,120.63,230.66,4
Island,53029972000,68,21534,151.05,113.99,210.37,3
Island,53029972100,38,18897,102.62,71.56,159.24,1
Island,53029992201,0,0,0 (NR),0 (NR),0 (NR),1
Jefferson,53031950202,25,9618,130.25,82.44,242.6,2
Jefferson,53031950300,108,32914,121.36,98.22,163.55,2
Jefferson,53031950400,61,20565,143.51,108.24,196.02,3
Jefferson,53031950500,118,34853,144.9,118.58,186.14,3
Jefferson,53031950601,166,33081,172.98,144.4,213.67,5
Jefferson,53031950602,42,15902,128.97,91.18,196.37,2
Jefferson,53031950702,24,11197,109.48,68.64,214.58,1
Jefferson,53031990000,0,0,0 (NR),0 (NR),0 (NR),1
King,53033000100,83,39881,239.01,188.95,299.97,8
King,53033000200,71,41940,137.52,107.32,176.73,2
King,53033000300,19,14151,238.27,132.14,402.2,8
King,53033000401,90,32252,174.18,139.09,223.21,5
King,53033000402,121,26188,119.12,91.18,162.98,1
King,53033000500,40,16721,123.98,88.06,184.95,2
King,53033000600,77,40691,153.08,120.15,195.22,3
King,53033000700,48,26762,237.78,174.28,321.55,8
King,53033000800,26,13513,149.82,96.92,229.79,3
King,53033000900,23,10893,143.62,90.54,230.56,3
King,53033001000,13,10249,129.68 (NR),67.91 (NR),232.09 (NR),2
King,53033001100,14,13384,99.86 (NR),54.16 (NR),178.06 (NR),1
King,53033001200,83,38250,153.77,118.07,201.68,3
King,53033001300,32,25082,195.64,131.17,285.21,6
King,53033001400,44,26510,177.85,128.09,243.1,5
King,53033001500,13,13067,80.18 (NR),41.96 (NR),160.07 (NR),1
King,53033001600,53,22589,163.93,122.37,221.63,4
King,53033001701,26,20874,202.78,127.21,312.33,7
King,53033001702,59,25495,235.17,178.1,309.98,8
King,53033001800,13,25383,154.58 (NR),78.35 (NR),276.79 (NR),3
King,53033001900,39,22195,200.41,142.08,278.47,6
King,53033002000,35,18426,165.92,114.36,239.65,4
King,53033002100,40,20089,199.72,142,276.3,6
King,53033002200,58,28931,129.39,98.12,172.39,2
King,53033002400,22,15579,116.67,72.85,184.22,1
King,53033002500,16,14665,109.35 (NR),62.03 (NR),183.68 (NR),1
King,53033002600,28,26137,207.41,132.89,311.48,7
King,53033002700,20,28464,105.48,63.7,165.96,1
King,53033002800,16,23908,144.04 (NR),77.51 (NR),250.48 (NR),3
King,53033002900,23,22613,154.31,94.5,241.38,3
King,53033003000,24,30750,113.44,70.11,177.16,1
King,53033003100,42,32622,149.66,107.51,206.92,3
King,53033003200,56,46035,119.37,89.76,159.5,1
King,53033003300,27,37354,146.01,94.03,217.94,3
King,53033003400,13,17804,146.44 (NR),74.43 (NR),262.07 (NR),3
King,53033003500,32,20986,102.51,66.41,160.75,1
King,53033003600,61,38971,139.64,104.17,193.44,2
King,53033003800,11,11936,95.35 (NR),45.5 (NR),182.31 (NR),1
King,53033003900,20,14631,77.79,47.27,138.4,1
King,53033004000,20,15465,111.42,67.88,179.19,1
King,53033004100,42,40624,90.41,65,124.36,1
King,53033004200,34,40197,102.05,70.35,143.72,1
King,53033004301,25,19263,136.15,84.55,211.35,2
King,53033004302,33,20608,204.07,132.92,458.36,7
King,53033004400,18,37047,113.18,64.28,188.43,1
King,53033004500,**,14306,**,**,**,4
King,53033004600,11,17299,95.78 (NR),44.38 (NR),191.96 (NR),1
King,53033004700,57,55292,119.15,89.51,169.85,1
King,53033004800,19,25445,139.16,79.83,230.08,2
King,53033004900,60,34751,272.47,205.33,367.69,9
King,53033005000,39,21975,164.32,106.01,250.56,4
King,53033005100,19,19532,128.18,72.6,220.28,2
King,53033005200,28,38261,186.75,121.3,284.94,6
King,53033005301,14,50578,126.64 (NR),67.01 (NR),344.37 (NR),2
King,53033005302,**,39412,**,**,**,1
King,53033005400,20,35869,175.7,99.39,290.04,5
King,53033005600,54,34172,125.05,93.47,169.49,2
King,53033005700,47,32245,129.43,94.87,178.67,2
King,53033005801,33,26996,138.01,94.66,200.32,2
King,53033005802,29,32274,103.41,69.03,158.27,1
King,53033005900,25,36318,127.49,80.26,193.65,2
King,53033006000,54,29732,164.37,121.19,224.63,4
King,53033006100,21,27846,104.37,61.83,184.28,1
King,53033006200,13,20693,70.35 (NR),36.06 (NR),127.54 (NR),1
King,53033006300,60,26774,92.29,69.74,130.26,1
King,53033006400,10,17084,84.67 (NR),39.82 (NR),160.32 (NR),1
King,53033006500,19,23732,190.89,112.27,305.36,6
King,53033006600,**,23426,**,**,**,2
King,53033006700,61,48793,134.39,100.42,191.45,2
King,53033006800,28,17302,193.85,127.18,287.74,6
King,53033006900,28,22541,173.96,112.47,260.35,5
King,53033007000,87,39731,135.18,105.75,193.81,2
King,53033007100,15,29929,88.78 (NR),44.39 (NR),274.04 (NR),1
King,53033007200,28,59947,98.47,62.63,193.2,1
King,53033007300,119,58026,308.69,254.08,404.69,10
King,53033007401,12,28074,103.82 (NR),48.53 (NR),378.99 (NR),1
King,53033007402,26,29074,387.33,221.06,658.57,10
King,53033007500,36,52044,196.53,131.72,301.34,6
King,53033007600,31,21458,245.59,165.31,356.48,9
King,53033007700,22,25727,141.45,86.69,221.26,3
King,53033007800,36,27425,142.53,99.11,202.31,3
King,53033007900,64,32848,222.08,170.05,297.89,8
King,53033008001,40,36893,132.07,89.73,304.61,2
King,53033008002,50,21266,251.07,176.01,584.06,9
King,53033008100,56,27761,196.93,139.92,364.77,6
King,53033008200,89,24824,97.5,69.38,307.19,1
King,53033008300,44,15217,185.28,132.84,646.18,6
King,53033008400,47,35460,125.74,91.06,209.41,2
King,53033008500,67,25557,214.1,165.22,290.4,7
King,53033008600,22,35344,154.42,93.93,249.95,3
King,53033008700,28,22385,151.69,100.23,224.58,3
King,53033008800,26,19126,158.3,101.39,239.86,4
King,53033008900,53,28546,208.54,155.22,275.87,7
King,53033009000,69,18821,196.69,146.65,268.79,6
King,53033009100,52,15203,115.37,85.15,182.21,1
King,53033009200,60,16955,234.98,178.81,418.53,8
King,53033009300,20,17286,109.64,66.41,191.7,1
King,53033009400,42,32719,126.55,91.07,174.6,2
King,53033009500,42,33132,124.49,88.88,172.78,2
King,53033009600,78,28594,145.16,113.51,192.44,3
King,53033009701,29,29088,74.02,49,116.2,1
King,53033009702,35,27911,110.28,76.37,161.36,1
King,53033009800,34,35096,110.26,75.6,159.2,1
King,53033009900,24,30764,141.66,84.63,226.31,3
King,53033010001,31,21932,127.51,85.68,184.89,2
King,53033010002,43,23879,152.7,110.29,212.15,3
King,53033010100,110,40415,248.33,203.19,301.8,9
King,53033010200,43,25600,132.02,95.42,183.15,2
King,53033010300,73,36764,188.96,146.5,241.77,6
King,53033010401,51,23664,160.8,119.31,215.75,4
King,53033010402,53,25312,170.65,127.48,226.97,5
King,53033010500,150,47666,132.9,108.75,167.04,2
King,53033010600,46,39545,114.71,83.03,158.31,1
King,53033010701,18,19760,206.86,108.44,372.18,7
King,53033010702,35,20968,306.37,211.3,431.56,10
King,53033010800,34,24844,232.29,157.65,333.29,8
King,53033010900,**,7455,**,**,**,1
King,53033011001,72,24233,276.08,214.73,351.33,9
King,53033011002,24,23411,146.8,91.63,226.24,3
King,53033011101,54,31335,171.53,127.19,230.82,5
King,53033011102,79,24342,189.69,146.22,245.37,6
King,53033011200,25,20927,191.11,121.42,288.38,6
King,53033011300,49,31877,213.21,156.55,284.35,7
King,53033011401,25,21803,245.53,150.53,381.58,9
King,53033011402,97,22646,423.78,341.7,521.25,10
King,53033011500,30,22226,166.89,112.01,242.11,4
King,53033011600,103,34368,161.2,129.14,206.83,4
King,53033011700,42,29242,136.43,97.85,186.59,2
King,53033011800,55,40309,171.14,127.46,225.57,5
King,53033011900,65,37778,168.66,129.46,216.94,4
King,53033012000,27,17713,158.12,103.09,236.86,4
King,53033012100,33,14222,154.46,105.8,230.75,3
King,53033020100,62,16250,186.71,141.81,276.82,6
King,53033020200,129,28628,171.18,139.67,217.23,5
King,53033020300,71,36278,174.13,135.27,223.42,5
King,53033020401,22,17974,149.26,91.6,234.61,3
King,53033020402,48,27847,196.98,143.61,264.75,6
King,53033020500,82,34240,190.64,151.05,240.33,6
King,53033020600,28,18680,152.72,100.69,225.45,3
King,53033020700,35,19541,178.37,123.95,251.91,5
King,53033020800,50,22132,125.15,92.66,177.61,2
King,53033020900,51,17054,192.69,142.78,266.4,6
King,53033021000,99,28585,215.34,173.67,267.87,7
King,53033021100,54,21271,243.3,181.86,321.46,9
King,53033021300,52,19529,222.29,164.8,298,8
King,53033021400,42,18911,174.78,125.49,244.79,5
King,53033021500,54,22460,196.77,146.48,270.29,6
King,53033021600,41,26070,141,100.63,194.51,3
King,53033021700,69,43668,194.15,149.87,248.7,6
King,53033021802,24,29613,138.83,87.47,211.01,2
King,53033021803,40,27455,146.87,104.07,202.75,3
King,53033021804,44,30022,133.72,96.64,181.94,2
King,53033021903,107,30976,261,211.32,321.24,9
King,53033021904,29,28207,169.01,111.47,246.8,4
King,53033021905,45,27075,212.78,154.32,286.82,7
King,53033021906,21,21458,163.78,96.11,264.15,4
King,53033022001,137,26283,213.52,173.28,265.56,7
King,53033022003,29,26419,244.58,156.3,367.52,9
King,53033022005,46,24877,240.92,173.91,328.15,8
King,53033022006,75,19554,310.83,243.91,396.04,10
King,53033022101,47,25166,162.62,118.72,220.45,4
King,53033022102,31,33138,149.36,100.26,214.67,3
King,53033022201,30,22410,209.94,137.89,308.17,7
King,53033022202,51,37550,216.64,157.61,292.25,7
King,53033022203,26,27038,204.79,124.98,320.74,7
King,53033022300,20,14997,115.74,69.75,189.29,1
King,53033022400,53,41552,178.56,132.91,235.15,5
King,53033022500,50,39658,109.02,80.71,147.64,1
King,53033022603,30,30215,137.96,92.55,198.76,2
King,53033022604,31,23454,179.31,120.84,256.81,5
King,53033022605,20,29313,180.23,106.72,287.1,5
King,53033022606,49,28511,186.25,137.39,249.75,6
King,53033022701,39,15360,182.38,129.26,268.17,5
King,53033022702,20,20447,125.82,76.16,196.21,2
King,53033022703,16,12432,140.92 (NR),79.88 (NR),234.11 (NR),3
King,53033022801,22,43432,99.88,59.85,159.07,1
King,53033022802,25,24918,195.31,122.3,298.71,6
King,53033022803,42,32190,106.94,72.53,155.33,1
King,53033022901,45,14803,242.13,176.15,334.46,8
King,53033022902,31,33307,115.82,77.56,168.98,1
King,53033023000,50,30487,156.84,115.69,209.45,4
King,53033023100,45,20180,147.35,107.36,204.48,3
King,53033023201,50,36135,112.61,82.78,154.21,1
King,53033023202,67,23445,170.26,128.57,225.69,4
King,53033023300,64,33001,155.14,119.38,200.42,3
King,53033023401,54,19864,232.72,174.65,307.3,8
King,53033023403,40,20778,163.37,115.94,228.42,4
King,53033023404,16,17444,171.41 (NR),95.2 (NR),286.35 (NR),5
King,53033023500,25,20022,104,67.11,158.53,1
King,53033023601,68,20778,203.26,157.23,265.86,7
King,53033023603,28,32466,122.56,80.59,179.21,2
King,53033023604,51,32917,148.3,110.04,196.9,3
King,53033023700,27,22506,163.14,104.74,244.18,4
King,53033023801,13,15958,101.74 (NR),54.02 (NR),177.53 (NR),1
King,53033023803,84,30410,119.95,90.58,174.57,2
King,53033023804,40,29983,121.41,86.7,187.58,2
King,53033023900,60,36577,130.32,99.28,172.31,2
King,53033024000,53,40000,98.81,73.55,133.14,1
King,53033024100,27,22535,93.32,61.02,158.63,1
King,53033024200,22,16077,105.62,65.58,201.89,1
King,53033024300,112,41104,94.31,76.42,124.57,1
King,53033024400,59,15858,115.23,84.41,166.4,1
King,53033024500,38,23298,111.87,79.1,168.63,1
King,53033024601,41,22452,137.5,97.97,218.47,2
King,53033024602,16,18588,84.06 (NR),47.11 (NR),169.16 (NR),1
King,53033024701,29,19000,120.62,80.66,179.45,2
King,53033024702,91,38752,238.25,191.22,294.88,8
King,53033024800,38,31003,154.12,108.23,213.96,3
King,53033024901,34,26143,170.07,115.27,248.76,4
King,53033024902,30,20146,226.13,149.27,330.56,8
King,53033024903,30,36017,149.44,99.38,219.62,3
King,53033025001,47,26093,173.18,126.37,236.37,5
King,53033025003,30,35864,211.66,136.01,316.58,7
King,53033025005,31,27322,234,156.27,339.68,8
King,53033025006,64,32002,167.18,128.36,217.32,4
King,53033025101,39,31113,273.71,188.58,385.87,9
King,53033025102,38,43252,164.5,112.69,233.86,4
King,53033025200,80,43149,208.39,164.44,261.33,7
King,53033025301,49,34406,147.45,108.12,199.11,3
King,53033025302,109,26050,172.31,136.12,224.17,5
King,53033025400,40,39020,138.57,98.13,191.37,2
King,53033025500,48,25640,198.72,145.67,266.35,6
King,53033025601,49,27155,187.63,138.32,250.18,6
King,53033025602,32,32141,189.93,125.97,277.07,6
King,53033025701,63,31460,137.52,104.86,180.17,2
King,53033025702,21,18208,152.19,90.05,244.32,3
King,53033025803,42,25165,303.18,213.08,423.41,10
King,53033025804,31,19254,261.08,166.9,395.23,9
King,53033025805,36,25904,206.92,142.01,293.2,7
King,53033025806,46,26629,236.1,172.02,317.41,8
King,53033026001,79,29061,220.35,173.91,277.92,8
King,53033026002,82,41429,241.17,191.23,301.06,8
King,53033026100,79,37799,238.76,188.03,299.43,8
King,53033026200,32,26605,162.58,108.42,236.46,4
King,53033026300,10,9063,132.46 (NR),58.07 (NR),272.52 (NR),2
King,53033026400,53,30229,216.03,160.32,286.81,7
King,53033026500,24,20879,121.35,75.45,188.25,2
King,53033026600,18,12638,191.93,107.57,328.78,6
King,53033026700,53,28875,189.26,141.21,249.21,6
King,53033026801,38,29782,198.65,133.36,291.46,6
King,53033026802,55,30318,254.95,188.44,339.24,9
King,53033027000,33,18156,243.29,165.11,347.49,9
King,53033027100,34,18451,190.06,130.97,268.07,6
King,53033027200,21,13444,297.55,176.62,474.31,10
King,53033027300,46,33187,219.44,158.46,297.26,8
King,53033027400,63,28613,261.41,199.53,337.71,9
King,53033027500,81,25208,229.09,180.78,288.99,8
King,53033027600,32,24999,162.56,109.98,233.24,4
King,53033027701,65,28964,150.99,115.46,199.8,3
King,53033027702,44,25394,140.35,98.79,203.68,2
King,53033027800,40,17140,125.57,89.26,185.4,2
King,53033027900,103,35622,274.21,222.8,335.56,9
King,53033028000,33,18049,264.53,169.57,404.43,9
King,53033028100,13,12827,163.05 (NR),85.08 (NR),290.52 (NR),4
King,53033028200,27,24904,212.25,131.66,327.26,7
King,53033028300,46,25984,219.12,159.06,295.24,8
King,53033028402,32,26725,159.42,107.56,231.16,4
King,53033028403,62,28432,172.08,131.06,224.43,5
King,53033028500,49,21392,262.32,191.83,352.18,9
King,53033028600,116,32384,182.25,149.55,226.32,5
King,53033028700,61,26512,222.4,168.62,289.81,8
King,53033028801,143,15135,439.52,347.8,556.14,10
King,53033028802,49,32725,233.47,169.84,314.89,8
King,53033028901,70,18070,216.51,167.22,282.63,7
King,53033028902,67,32248,287.76,221.33,370.13,10
King,53033029001,114,22712,175.59,141.25,223.07,5
King,53033029003,52,29613,281.05,206.8,374.61,10
King,53033029004,28,19352,341.79,214.24,538.51,10
King,53033029101,28,16771,302.63,189.88,466.59,10
King,53033029102,47,22407,292.06,209.3,399.25,10
King,53033029203,39,21199,187.06,128.87,266.73,6
King,53033029204,41,35313,196.51,137.88,273.21,6
King,53033029205,36,24003,213.28,138.41,331.83,7
King,53033029206,40,20526,231.83,164.28,320.35,8
King,53033029303,107,41577,199.84,162.96,244.01,6
King,53033029304,46,27111,356.69,250.91,496.01,10
King,53033029305,40,22001,206.03,146.35,283.55,7
King,53033029306,37,19769,165.23,115.67,233.33,4
King,53033029307,26,20465,260.71,159.42,408.08,9
King,53033029403,62,29388,258.42,195.92,335.41,9
King,53033029405,35,30543,239.78,156.07,357.43,8
King,53033029406,45,25829,332,236.2,455.72,10
King,53033029407,74,25578,492.66,377.9,635.02,10
King,53033029408,27,22514,274.17,165.68,434.26,9
King,53033029502,53,36654,250.63,180.76,341.49,9
King,53033029503,47,41178,310.64,216.8,435.57,10
King,53033029504,87,28794,304.76,239.5,385.17,10
King,53033029601,42,37327,287.59,198.77,405.87,10
King,53033029602,45,34363,222.28,154.65,313.98,8
King,53033029700,122,39696,200.27,165.55,242.02,6
King,53033029801,60,40875,293.88,215.92,393.67,10
King,53033029802,79,48511,261.58,203.08,332.8,9
King,53033029901,37,25048,242.92,163.78,351.94,9
King,53033029902,56,25712,407.03,298.92,544.2,10
King,53033030003,74,31686,273.86,212.53,348.25,9
King,53033030004,50,42530,380.5,258.19,548.46,10
King,53033030005,53,29211,313.99,226.67,428.47,10
King,53033030006,73,20178,301.18,235,383.27,10
King,53033030100,92,38462,240.72,192.08,299.29,8
King,53033030201,51,28224,363.26,259.15,499.53,10
King,53033030202,116,35949,294.35,242.8,354.64,10
King,53033030304,17,19199,156.1,82.44,278.03,4
King,53033030305,67,25742,235.88,180.62,305.32,8
King,53033030306,51,29573,218.95,158.96,296.3,7
King,53033030308,47,32674,319.86,223.86,447.86,10
King,53033030309,42,30029,201.05,142.19,279.27,6
King,53033030310,72,31710,215.6,166.46,277.12,7
King,53033030311,42,26149,234.67,166.6,322.7,8
King,53033030312,45,24965,327.1,226.62,463.01,10
King,53033030313,77,21104,223.44,172.05,290.91,8
King,53033030314,129,23731,325.44,268.16,398.31,10
King,53033030401,57,45994,210.8,154.77,282.39,7
King,53033030403,64,23736,248.97,189.98,322.73,9
King,53033030404,39,24539,210.68,145.91,296.87,7
King,53033030501,56,11045,269.52,199.24,372.89,9
King,53033030503,91,26043,271.48,217.04,337.89,9
King,53033030504,34,23689,124.97,85.94,178.95,2
King,53033030600,67,27320,291.65,224.69,373.03,10
King,53033030700,63,19875,315.5,242.09,406.3,10
King,53033030801,100,35127,450.79,362.58,555.22,10
King,53033030802,76,20576,462.06,361.59,583.44,10
King,53033030901,32,18870,345.36,218.59,530.81,10
King,53033030902,47,29805,253.55,183.19,343.33,9
King,53033031000,12,22171,92.34 (NR),40.68 (NR),192.99 (NR),1
King,53033031100,84,35345,263.1,207.63,329.88,9
King,53033031202,72,33950,279.31,216.27,355.53,10
King,53033031204,59,32199,290.12,215.42,384.38,10
King,53033031205,76,39766,643.89,495.09,825.34,10
King,53033031206,33,25903,117.15,79.93,168.48,1
King,53033031301,40,13278,295,206.92,414.79,10
King,53033031302,44,23101,164.96,119.82,224.19,4
King,53033031400,119,29685,250,205.72,303.88,9
King,53033031501,39,20210,316.78,208.25,469.76,10
King,53033031502,48,22035,189.63,138.36,258.06,6
King,53033031601,42,28176,283.26,193.16,405,10
King,53033031603,34,31220,195.77,127,294.87,6
King,53033031604,20,27352,264.24,143.53,453.45,9
King,53033031605,24,19624,163.59,100.42,257.2,4
King,53033031703,76,36613,174.77,137.37,221.98,5
King,53033031704,50,30122,263.06,192.83,351.75,9
King,53033031705,24,20517,278.59,169.21,437.43,10
King,53033031706,64,37132,282.82,215.43,365.77,10
King,53033031800,45,25379,221.32,154.32,310.34,8
King,53033031903,48,36863,163.94,116.52,225.96,4
King,53033031904,25,17695,272.34,162.22,437.08,9
King,53033031906,24,20425,206.57,121.86,332.67,7
King,53033031907,47,39312,225.48,160.58,309.43,8
King,53033031908,45,22282,249.95,180.58,338.08,9
King,53033031909,19,15352,280.62,151.05,486.34,10
King,53033032002,27,15607,206.53,129.78,317.69,7
King,53033032003,39,25626,168.5,116.13,247.78,4
King,53033032005,47,34755,327.21,226.47,461.66,10
King,53033032006,47,25650,208.77,149.67,285.78,7
King,53033032007,27,19072,263.33,165.14,405.12,9
King,53033032008,24,21750,208.13,128.75,319.97,7
King,53033032010,30,29610,132.49,89.17,190.8,2
King,53033032011,16,23047,242.74 (NR),132.22 (NR),412.81 (NR),9
King,53033032102,32,24394,144.53,95.57,214.15,3
King,53033032103,58,25680,177.65,134.06,235.62,5
King,53033032104,75,31543,210.1,164.65,266.02,7
King,53033032203,31,40108,167.59,110.31,245.58,4
King,53033032207,17,18504,146.25,83.73,238.93,3
King,53033032208,156,45729,121.75,101.42,149.04,2
King,53033032210,31,72306,204.99,132.99,304.97,7
King,53033032211,13,24599,153.03 (NR),68.1 (NR),306.93 (NR),3
King,53033032212,15,41432,123.94 (NR),64.67 (NR),217.18 (NR),2
King,53033032213,17,23614,169.84,94.49,286.25,4
King,53033032214,**,35274,**,**,**,1
King,53033032215,**,27533,**,**,**,6
King,53033032307,37,33633,218.65,146.57,316.43,7
King,53033032309,60,45383,94.69,68.13,133.41,1
King,53033032311,34,31022,254.74,166.47,375.27,9
King,53033032313,29,29629,224.67,147.19,331.25,8
King,53033032315,28,28315,203.39,126.63,312.62,7
King,53033032316,14,28726,137.12 (NR),68.81 (NR),248.98 (NR),2
King,53033032317,21,31505,140.11,83.42,221.95,2
King,53033032318,10,31740,114.55 (NR),50.75 (NR),223.85 (NR),1
King,53033032319,79,26235,145.85,111.34,193.97,3
King,53033032320,25,22691,130.31,82.73,200.99,2
King,53033032321,13,34138,129.75 (NR),66.42 (NR),229.08 (NR),2
King,53033032322,**,17534,**,**,**,7
King,53033032323,80,31073,138.07,105.42,180.88,2
King,53033032324,35,27646,200.68,136.66,285.79,6
King,53033032325,20,30618,308.19,177.79,500.43,10
King,53033032326,33,19429,112.57,75.82,175.23,1
King,53033032327,60,22931,319.64,232.82,467.62,10
King,53033032328,17,16974,211.04,111.91,366.4,7
King,53033032329,31,43476,164.61,107.8,242.58,4
King,53033032401,41,32324,305.24,207.37,437.34,10
King,53033032402,26,34001,247.67,143.72,404.33,9
King,53033032500,28,29309,137.59,87.77,207.83,2
King,53033032601,25,14756,192.58,123.82,287.4,6
King,53033032602,37,69882,172.71,114.27,251.89,5
King,53033032702,30,34593,203.2,129.85,306.33,7
King,53033032703,10,9814,153.13 (NR),71.43 (NR),289.63 (NR),3
King,53033032704,81,35365,252.37,199.38,316.04,9
King,53033032800,24,15021,177.55,107.08,290.7,5
King,53033990100,0,0,0 (NR),0 (NR),0 (NR),1
Kitsap,53035080101,93,13918,204.12,159.9,278.28,7
Kitsap,53035080102,81,24104,203.58,158.08,263.68,7
Kitsap,53035080200,60,17846,183.38,137,248.93,5
Kitsap,53035080300,122,16623,327.41,262.49,412.42,10
Kitsap,53035080400,49,16784,148.07,106.74,211.11,3
Kitsap,53035080500,28,15944,201.32,129.1,307,6
Kitsap,53035080600,52,25338,174.29,129.33,233.37,5
Kitsap,53035080700,70,17000,166.79,124.2,232.07,4
Kitsap,53035080800,**,10135,**,**,**,9
Kitsap,53035080900,55,22508,151.11,113.44,204.29,3
Kitsap,53035081000,62,21618,199.15,148.54,266.81,6
Kitsap,53035081100,85,14442,420.26,330.18,533.69,10
Kitsap,53035081200,31,15226,185.15,124.26,270.39,5
Kitsap,53035081400,0,22308,0 (NR),0 (NR),0 (NR),1
Kitsap,53035090101,64,29567,146.45,110.83,195.37,3
Kitsap,53035090102,59,31919,117.66,87.28,160.73,1
Kitsap,53035090201,41,25825,119.35,84.12,170.74,1
Kitsap,53035090202,44,27454,117.16,84.29,162.29,1
Kitsap,53035090300,**,31921,**,**,**,1
Kitsap,53035090400,75,23826,194.79,150.82,253.3,6
Kitsap,53035090501,139,20973,179.05,142.07,236.17,5
Kitsap,53035090502,72,25649,122.41,93.07,163.63,2
Kitsap,53035090700,46,26620,107.92,78.71,167.27,1
Kitsap,53035090800,34,21723,105.48,72.81,167.19,1
Kitsap,53035090900,134,38302,117.3,95.48,149.47,1
Kitsap,53035091000,39,34975,84.2,58.75,129.74,1
Kitsap,53035091100,54,25477,146.75,109.05,199.17,3
Kitsap,53035091201,49,20613,133.35,98.54,184.47,2
Kitsap,53035091203,42,37183,111.01,79.71,152.59,1
Kitsap,53035091204,62,16354,125.92,92.84,183.13,2
Kitsap,53035091301,44,22532,140.48,100.16,197.48,2
Kitsap,53035091302,55,29982,145.23,108.65,196.41,3
Kitsap,53035091400,35,16680,110.02,74.63,173.78,1
Kitsap,53035091500,48,21054,165.13,120,225.52,4
Kitsap,53035091600,69,33026,159.99,123.29,207.49,4
Kitsap,53035091700,86,41065,198.46,155.83,250.3,6
Kitsap,53035091800,34,15012,159.7,107.5,238.75,4
Kitsap,53035091900,57,21345,171.79,129.42,229.02,5
Kitsap,53035092000,64,29670,208.82,155.8,276.85,7
Kitsap,53035092100,90,45433,146.25,116.57,183.43,3
Kitsap,53035092200,124,34497,194.57,157.92,240.04,6
Kitsap,53035092300,99,31413,196.08,157.8,243.99,6
Kitsap,53035092400,73,31283,161.04,124.57,208.04,4
Kitsap,53035092500,152,28891,266.21,223.53,319.62,9
Kitsap,53035092600,55,32021,120.87,89.87,162.37,2
Kitsap,53035092701,36,23933,118.59,81.45,171.21,1
Kitsap,53035092704,43,16867,164.04,117.16,233.97,4
Kitsap,53035092801,42,22556,148.14,105.14,207.33,3
Kitsap,53035092802,39,23018,135.17,94.03,194.39,2
Kitsap,53035092803,41,15066,242.94,163.66,352.38,9
Kitsap,53035092901,68,29103,175.64,133.16,231.36,5
Kitsap,53035092902,58,28077,180.4,134.79,238.41,5
Kitsap,53035940000,25,18562,105.21,66.54,162.66,1
Kitsap,53035940100,63,33048,129.05,98.02,170.81,2
Kitsap,53035990100,0,0,0 (NR),0 (NR),0 (NR),1
Kittitas,53037975100,82,38776,132.25,103.89,169.47,2
Kittitas,53037975200,74,30013,178.49,137.78,235.69,5
Kittitas,53037975300,51,23823,175.31,128.17,238.93,5
Kittitas,53037975401,27,39559,147.67,97.03,220.35,3
Kittitas,53037975402,129,26354,187.24,150.92,237.1,6
Kittitas,53037975500,41,32194,180.45,128.44,248.25,5
Kittitas,53037975600,22,14475,166.04,102.69,261.71,4
Kittitas,53037975700,52,23557,160.05,118.46,216.58,4
Klickitat,53039950100,132,44688,157.26,129.56,192.84,4
Klickitat,53039950200,55,22409,131.36,97.01,184.66,2
Klickitat,53039950300,70,43013,99.92,77.62,129.08,1
Lewis,53041970100,43,17789,200.02,143.35,278.42,6
Lewis,53041970200,132,17237,235.71,189.57,305.1,8
Lewis,53041970300,125,25279,244.15,199.55,301.98,9
Lewis,53041970400,79,29470,231.89,183.18,291.78,8
Lewis,53041970500,35,10771,261.05,180.01,374.21,9
Lewis,53041970600,42,10026,320.69,230.23,442.17,10
Lewis,53041970700,42,20540,219.26,156.76,300.33,8
Lewis,53041970800,74,21102,264.42,206.43,338.13,9
Lewis,53041970900,14,9135,137.22 (NR),73.19 (NR),241.51 (NR),2
Lewis,53041971000,48,14904,174.81,122.84,250.14,5
Lewis,53041971100,55,19980,202.71,151.17,271.49,7
Lewis,53041971200,58,17467,230.94,172.64,310.17,8
Lewis,53041971300,92,29540,247.04,197.85,306.84,9
Lewis,53041971400,47,14049,273.31,198.46,372.63,9
Lewis,53041971500,113,36832,233.6,191.64,284.19,8
Lewis,53041971600,66,20235,214.49,164.96,281.64,7
Lewis,53041971700,76,24982,197.59,153.66,257.58,6
Lewis,53041971800,82,22587,227.24,178.4,291.81,8
Lewis,53041971900,85,14877,292.25,230.65,377.25,10
Lewis,53041972000,74,15640,251.31,189.69,344.61,9
Lincoln,53043960100,25,8617,152.18,95.81,251.96,3
Lincoln,53043960200,47,16938,192.66,139.62,271.02,6
Lincoln,53043960300,56,13842,216.39,159.63,306.02,7
Lincoln,53043960400,72,14763,225.94,175.67,303.3,8
Mason,53045940000,12,3716,269.62 (NR),131.01 (NR),515.2 (NR),9
Mason,53045960100,15,4082,246.35 (NR),129.83 (NR),1214.48 (NR),9
Mason,53045960200,109,30107,182.12,147.57,228.93,5
Mason,53045960300,81,32932,188.9,148.63,239.85,6
Mason,53045960400,136,47463,164.6,137.15,198.81,4
Mason,53045960500,70,26349,129.51,100.35,173.81,2
Mason,53045960600,63,28062,223.45,171.41,288.65,8
Mason,53045960700,25,8996,253.97,161.03,390.14,9
Mason,53045960800,145,21278,315.69,258.25,388.58,10
Mason,53045960900,55,24601,213.68,160.46,281.28,7
Mason,53045961000,70,25072,164.76,127.2,215.71,4
Mason,53045961100,118,30931,208.98,171.12,258.25,7
Mason,53045961200,45,19773,129,91.98,184.24,2
Mason,53045961300,45,16797,159.69,114.41,225.37,4
Okanogan,53047940100,22,14343,109.37,67.21,178.41,1
Okanogan,53047940200,33,15608,245.84,162.18,363.58,9
Okanogan,53047970300,105,37976,162.12,131.47,202.57,4
Okanogan,53047970400,55,18999,148.9,111.66,204.4,3
Okanogan,53047970500,31,11925,177.05,118.32,270.68,5
Okanogan,53047970600,129,34056,206.33,170.96,250.89,7
Okanogan,53047970700,55,21506,195.96,146.97,260.21,6
Okanogan,53047970800,55,25123,170.58,128.14,226.04,5
Okanogan,53047970900,24,13403,107.45,66.91,193.92,1
Okanogan,53047971000,36,19251,120.99,82.07,186.11,2
Pacific,53049950200,107,21239,277.39,225.46,344.71,10
Pacific,53049950300,76,18122,202.68,158.23,266.25,7
Pacific,53049950400,67,19982,185.58,143.02,245.26,6
Pacific,53049950500,61,12693,234.02,173.3,329.01,8
Pacific,53049950600,55,6606,446.31,326.22,639.3,10
Pacific,53049950700,102,15661,306.24,238.82,428.98,10
Pacific,53049950800,98,13026,340.47,250.52,482.68,10
Pacific,53049990100,0,0,0 (NR),0 (NR),0 (NR),1
Pend Oreille,53051970100,31,10837,157.53,104.82,249.32,4
Pend Oreille,53051970200,43,13926,188.91,132.85,274.77,6
Pend Oreille,53051970300,54,16894,145.16,105.94,204.62,3
Pend Oreille,53051970400,35,13974,160.01,108.04,246.73,4
Pend Oreille,53051970500,33,12159,180.3,120.67,271.66,5
Pierce,53053060200,16,11430,541.71 (NR),253.95 (NR),1133.22 (NR),10
Pierce,53053060300,121,26375,162.47,130.5,207.02,4
Pierce,53053060400,40,19910,172.4,121.83,243.7,5
Pierce,53053060500,29,20028,118.05,77.54,178.24,1
Pierce,53053060600,34,27156,121.66,83.11,174.03,2
Pierce,53053060700,50,33297,222.28,160.82,302.92,8
Pierce,53053060800,42,26748,117.03,83.11,164.05,1
Pierce,53053060903,71,16068,216.55,167.66,287.83,7
Pierce,53053060904,59,25688,205.39,155.56,268.38,7
Pierce,53053060905,194,32572,201.62,170.63,242.74,7
Pierce,53053060906,45,10503,208.53,146.71,311.73,7
Pierce,53053061001,99,19755,157.78,123.05,210.35,4
Pierce,53053061002,106,21831,254.85,205.86,319.59,9
Pierce,53053061100,163,32121,266.04,222.62,318.46,9
Pierce,53053061200,58,25667,200.76,150.89,264.21,6
Pierce,53053061300,45,24426,237.66,170.68,324.89,8
Pierce,53053061400,50,22251,391.24,262.88,583.98,10
Pierce,53053061500,65,26045,226.99,174.33,315.02,8
Pierce,53053061601,36,9726,205.8,143.11,348.53,7
Pierce,53053061602,12,5651,620.65 (NR),171.55 (NR),1710.41 (NR),10
Pierce,53053061700,52,26471,230.2,170.72,305.41,8
Pierce,53053061800,29,14744,222.3,146.99,327.3,8
Pierce,53053061900,43,10014,314.33,223.94,437.95,10
Pierce,53053062000,42,21550,212.79,150.45,294.53,7
Pierce,53053062300,59,28652,260.92,196.16,341.75,9
Pierce,53053062400,65,28069,196.88,151.42,254.05,6
Pierce,53053062500,80,36168,246.76,193.27,311.78,9
Pierce,53053062600,55,19509,414.59,308.92,546.54,10
Pierce,53053062801,109,32601,439.87,353.63,543.3,10
Pierce,53053062802,47,21497,251.96,182.97,340.38,9
Pierce,53053062900,76,38845,228.89,178.02,292.12,8
Pierce,53053063000,30,15192,197.7,132.69,284.94,6
Pierce,53053063100,74,22143,228.99,178.72,292.99,8
Pierce,53053063200,72,24826,249.25,194.52,316.68,9
Pierce,53053063300,150,41554,303.39,254.49,360.12,10
Pierce,53053063400,107,40487,237.51,194.12,289.42,8
Pierce,53053063501,56,21258,229.58,172.49,302.92,8
Pierce,53053063502,60,26639,293.66,220.71,384.75,10
Pierce,53053070100,22,18149,183.44,108.68,294.84,5
Pierce,53053070203,54,45594,184.26,133.09,251.74,5
Pierce,53053070204,30,18410,182.65,119.42,271.36,5
Pierce,53053070205,28,18132,184,118.2,285.49,5
Pierce,53053070206,44,22967,229.61,164.41,313.63,8
Pierce,53053070207,64,27058,195.15,149.01,253.09,6
Pierce,53053070307,37,26893,198.94,135.86,283.04,6
Pierce,53053070308,35,22385,287.27,191.76,420.7,10
Pierce,53053070309,64,31351,188.65,144.25,244.23,6
Pierce,53053070310,43,26873,290.18,201.78,410.1,10
Pierce,53053070311,34,24417,270.12,175.34,404.6,9
Pierce,53053070312,31,33021,219.09,143.68,322.31,8
Pierce,53053070313,55,31541,249.51,181.24,337.24,9
Pierce,53053070314,20,16491,138.26,81.07,223.31,2
Pierce,53053070315,27,30591,111.54,71.17,168.63,1
Pierce,53053070316,16,31584,94.82 (NR),51.72 (NR),162.88 (NR),1
Pierce,53053070401,29,10462,265.96,172.18,398.46,9
Pierce,53053070403,69,20889,206.88,160.21,267.57,7
Pierce,53053070404,36,27118,271.29,180.02,397.18,9
Pierce,53053070703,68,30747,187.57,143.89,241.76,6
Pierce,53053071100,38,12582,197.94,135.84,287.53,6
Pierce,53053071205,76,24661,235.14,183.74,301.53,8
Pierce,53053071206,62,34618,200.49,152.22,260.01,6
Pierce,53053071207,105,32956,317.48,259.2,386.21,10
Pierce,53053071208,139,40865,208.38,173.31,250.46,7
Pierce,53053071209,34,21643,294.86,196.48,428.28,10
Pierce,53053071210,47,27891,193.92,138.54,266.41,6
Pierce,53053071304,76,31948,301.2,236.25,379.08,10
Pierce,53053071305,62,19761,202.32,154.08,266.92,7
Pierce,53053071306,76,32079,276.62,216.09,349.71,10
Pierce,53053071307,49,25204,225.42,165.75,300.22,8
Pierce,53053071309,40,22605,296.61,209.27,409.12,10
Pierce,53053071310,47,32298,207.9,148.88,284.54,7
Pierce,53053071403,74,20691,282.62,220.49,360.74,10
Pierce,53053071406,67,42365,263.95,195.33,351.51,9
Pierce,53053071407,60,35724,256.01,188.12,342.93,9
Pierce,53053071408,48,20722,241.99,175.8,327.39,8
Pierce,53053071409,46,22835,283.22,194.84,407.92,10
Pierce,53053071410,81,39384,237.06,186.73,297.9,8
Pierce,53053071411,41,32098,302.56,202.98,440.79,10
Pierce,53053071503,73,26749,259.31,199.34,333.74,9
Pierce,53053071504,59,27077,292.97,221.81,383.49,10
Pierce,53053071505,76,27167,246.87,192.23,314.52,9
Pierce,53053071506,75,28826,229.92,178.71,293.39,8
Pierce,53053071601,74,26054,239.19,186.01,305.09,8
Pierce,53053071602,70,39157,264.18,202.59,340.8,9
Pierce,53053071703,70,19463,361.28,279.78,464.04,10
Pierce,53053071704,20,22376,175.93,102.9,290.98,5
Pierce,53053071705,36,19403,219.1,151.3,309.22,8
Pierce,53053071706,19,9831,237.45,140.6,431.69,8
Pierce,53053071707,37,14653,283.76,196.06,403.7,10
Pierce,53053071803,66,29246,243.13,187.21,311.66,9
Pierce,53053071805,51,18260,277.05,205.7,367.26,10
Pierce,53053071806,35,21338,472.69,282.36,779.49,10
Pierce,53053071807,43,18038,260.66,188.06,354.45,9
Pierce,53053071808,59,19657,259.04,195.81,340.77,9
Pierce,53053071901,124,23856,275.13,225.49,338.69,9
Pierce,53053071902,98,26128,207.46,166.15,262.33,7
Pierce,53053072000,46,24263,240.24,171.52,332.47,8
Pierce,53053072105,92,26397,195.05,155.51,271.36,6
Pierce,53053072106,100,29763,260.92,211.16,321.93,9
Pierce,53053072107,78,21338,230.93,181.26,296.5,8
Pierce,53053072108,88,28825,228.5,182.92,284.92,8
Pierce,53053072109,41,18588,147.92,105.46,210.42,3
Pierce,53053072111,37,13360,173.82,121.93,250.47,5
Pierce,53053072112,77,22473,284.16,221.88,362.49,10
Pierce,53053072305,77,30384,147.21,114.87,190.84,3
Pierce,53053072307,49,22436,150.64,110.66,204.77,3
Pierce,53053072308,97,35845,169.56,136.48,212.23,4
Pierce,53053072309,71,30400,186.1,144.54,239.04,6
Pierce,53053072310,67,19278,260.81,201.62,335.84,9
Pierce,53053072311,77,24069,263.94,206.91,334.45,9
Pierce,53053072312,61,29254,222.68,169.23,289,8
Pierce,53053072313,37,20436,206.39,142.94,289.8,7
Pierce,53053072405,28,21605,125,81.17,195.65,2
Pierce,53053072406,73,33622,303.26,235.53,385.69,10
Pierce,53053072407,124,25210,259.8,214.3,320.94,9
Pierce,53053072408,144,31992,224.63,186.95,273.12,8
Pierce,53053072409,22,13118,151.77,91.46,250.08,3
Pierce,53053072410,30,19961,162.1,105.46,249.79,4
Pierce,53053072503,38,22345,183.45,127.92,256.77,5
Pierce,53053072504,46,25429,193.06,139.37,270.51,6
Pierce,53053072505,99,46844,140.88,113.64,175.84,2
Pierce,53053072506,35,18932,150.35,102.67,224.2,3
Pierce,53053072507,71,16216,154.56,119.22,226.31,3
Pierce,53053072601,43,27846,155.72,109.96,215.57,3
Pierce,53053072602,57,21436,178.19,132.16,241.79,5
Pierce,53053072603,73,29321,195.75,149.48,255.38,6
Pierce,53053072800,58,47371,140.57,105.28,185.63,2
Pierce,53053072901,**,14701,**,**,**,8
Pierce,53053072903,**,19928,**,**,**,10
Pierce,53053072905,**,28355,**,**,**,10
Pierce,53053072906,0,14688,0 (NR),0 (NR),0 (NR),1
Pierce,53053072907,**,25747,**,**,**,1
Pierce,53053073001,66,34244,169.26,128.53,220.29,4
Pierce,53053073005,70,28787,247.67,189.67,321.26,9
Pierce,53053073006,45,21000,177.04,125.27,251.17,5
Pierce,53053073108,49,48680,181.91,130.64,248.31,5
Pierce,53053073110,33,20119,238.44,158.77,347.35,8
Pierce,53053073111,35,22765,251.18,170.71,358.5,9
Pierce,53053073113,58,39775,251.3,185.37,334.52,9
Pierce,53053073114,63,28863,277.58,207.59,367.18,10
Pierce,53053073115,54,23105,434.15,311.68,593.18,10
Pierce,53053073116,38,22710,199.6,137.62,282.69,6
Pierce,53053073117,43,20068,227.85,159.75,318.99,8
Pierce,53053073118,40,24223,203.6,142.02,284.68,7
Pierce,53053073119,32,16584,255.16,169.37,373.1,9
Pierce,53053073120,34,24615,228.58,151.66,336.69,8
Pierce,53053073121,38,25454,359.86,248.44,506.1,10
Pierce,53053073122,29,26925,244.45,156.39,367.61,9
Pierce,53053073123,49,25813,270.84,196.76,365.26,9
Pierce,53053073124,37,16924,248.24,168.47,358.55,9
Pierce,53053073125,115,56474,245.38,202.15,295.35,9
Pierce,53053073126,**,18818,**,**,**,1
Pierce,53053073200,86,33389,212.64,168.68,267.27,7
Pierce,53053073301,92,28430,227.25,181.58,283.15,8
Pierce,53053073302,56,21761,154.34,115.8,207.31,3
Pierce,53053073404,119,31687,217.69,178.88,266.08,7
Pierce,53053073405,71,18780,317.5,246.04,408.04,10
Pierce,53053073406,106,28566,354.47,288.38,432.77,10
Pierce,53053073407,69,18552,244.49,185.97,319.71,9
Pierce,53053073408,48,21915,175.03,128.51,236.65,5
Pierce,53053073500,93,40448,203.91,162.85,254.68,7
Pierce,53053940001,35,14243,206.85,141.33,310.22,7
Pierce,53053940002,42,21388,176.84,125.53,243.88,5
Pierce,53053940003,28,37681,148.22,87.27,248.26,3
Pierce,53053940004,106,33288,222.05,181,273.92,8
Pierce,53053940005,35,30969,176.08,118.82,253.92,5
Pierce,53053940006,20,17112,332.47,185.8,558.45,10
Pierce,53053940007,28,15985,228.33,148.2,341.49,8
Pierce,53053940008,38,30431,145.76,100.75,205.7,3
Pierce,53053940009,49,16581,267.76,195.51,365.81,9
Pierce,53053940010,89,22703,269.29,213.94,339.83,9
Pierce,53053940011,38,21131,145.24,101.44,208.22,3
San Juan,53055960100,47,28486,79.59,57.94,127.48,1
San Juan,53055960300,48,25283,99.58,72.55,164.93,1
San Juan,53055960400,40,15549,114.71,80.92,170.37,1
San Juan,53055960500,29,14812,71.66,47.87,197.55,1
San Juan,53055990100,0,0,0 (NR),0 (NR),0 (NR),1
Skagit,53057940200,47,11836,171.4,117.28,277.86,5
Skagit,53057940300,79,26699,177.79,138.35,233.95,5
Skagit,53057940400,90,38429,124.64,98.95,159.66,2
Skagit,53057940500,79,13006,236.7,178.46,320.3,8
Skagit,53057940600,52,8064,253,181.74,374.57,9
Skagit,53057940700,19,8181,112.99,65.19,211.01,1
Skagit,53057940800,50,16229,132.88,98.07,195.12,2
Skagit,53057950100,18,5095,147.15,85.9,617.74,3
Skagit,53057950800,53,32751,125.7,93.18,175.04,2
Skagit,53057950900,41,21663,178.43,124.09,258.55,5
Skagit,53057951000,45,15210,260.15,186.11,367.88,9
Skagit,53057951100,70,25259,234.37,179.58,304.8,8
Skagit,53057951200,33,17152,157.04,105.41,233.86,4
Skagit,53057951300,13,10101,110.51 (NR),57.9 (NR),215.69 (NR),1
Skagit,53057951400,56,20525,194.9,146.25,258.53,6
Skagit,53057951500,176,48910,277.47,237.42,323.61,10
Skagit,53057951600,48,22980,189.45,138.98,254.36,6
Skagit,53057951700,46,20090,147.02,106.04,202.81,3
Skagit,53057951800,109,23052,296.05,238.72,367.21,10
Skagit,53057951900,38,19237,120.5,84.62,181.76,2
Skagit,53057952100,55,17416,176.01,130.78,245.13,5
Skagit,53057952200,54,21533,219.52,164.16,290.65,8
Skagit,53057952301,45,23847,253.67,183.61,342.91,9
Skagit,53057952302,110,50748,181.47,148.66,220.46,5
Skagit,53057952401,31,14417,177.52,120.08,257.2,5
Skagit,53057952402,186,43457,213.43,181.77,251.67,7
Skagit,53057952500,24,16356,166.58,105.91,251.07,4
Skagit,53057952600,45,20643,169.35,121.95,232.91,4
Skagit,53057952700,33,19655,156.01,104.46,230,4
Skagit,53057990100,0,0,0 (NR),0 (NR),0 (NR),1
Skamania,53059950100,**,576,**,**,**,1
Skamania,53059950200,48,22854,140.41,101.56,209.38,2
Skamania,53059950300,30,10873,157.3,104.87,244.47,4
Skamania,53059950400,22,11829,104.52,64.21,180.09,1
Skamania,53059950500,29,13229,136.26,91.08,207.23,2
Snohomish,53061040100,37,27904,94.84,65.89,144.73,1
Snohomish,53061040200,79,31053,218.06,171.59,275.32,7
Snohomish,53061040300,59,15349,254.09,185.04,345.44,9
Snohomish,53061040400,30,20280,175.03,113.55,261.08,5
Snohomish,53061040500,31,12589,288.34,190.07,427.02,10
Snohomish,53061040700,67,25490,241.9,186.45,318.9,8
Snohomish,53061040800,55,17853,300.06,221.57,410.73,10
Snohomish,53061040900,33,14949,118.06,81.04,181.08,1
Snohomish,53061041000,68,28171,159.16,122.22,207.76,4
Snohomish,53061041100,66,24001,197.32,152.1,254.84,6
Snohomish,53061041201,28,17908,202.5,132.25,299.46,7
Snohomish,53061041202,73,30382,216,168.8,273.88,7
Snohomish,53061041301,42,27003,127.45,90.27,180.45,2
Snohomish,53061041303,32,23649,203.67,134.38,299,7
Snohomish,53061041304,23,14914,125.36,78.84,201.24,2
Snohomish,53061041400,92,29683,232.1,184.45,289.91,8
Snohomish,53061041500,13,7866,124.28 (NR),63.86 (NR),231.67 (NR),2
Snohomish,53061041601,65,31067,185.9,142.46,240.31,6
Snohomish,53061041605,37,31963,145.61,101.57,202.79,3
Snohomish,53061041606,93,33163,242.81,193.83,301.58,9
Snohomish,53061041607,27,19597,157.38,102.32,236.15,4
Snohomish,53061041608,39,37135,183.49,123.93,264.27,5
Snohomish,53061041701,75,29521,158.5,124.12,203.52,4
Snohomish,53061041703,47,32439,205.74,147,281.43,7
Snohomish,53061041704,43,29983,152.74,110.03,207.02,3
Snohomish,53061041805,75,30489,226.42,177.53,285.86,8
Snohomish,53061041806,80,42451,247.05,194.09,311.67,9
Snohomish,53061041808,59,22241,214.54,162.16,280.85,7
Snohomish,53061041809,59,27015,180.04,134.24,237.8,5
Snohomish,53061041810,31,26642,181.36,121.7,262.24,5
Snohomish,53061041811,36,42690,131.83,89.37,189.49,2
Snohomish,53061041812,69,31073,176.77,136.22,228.07,5
Snohomish,53061041901,45,26035,208.3,149.63,283.92,7
Snohomish,53061041903,46,36716,151.45,109.76,205.2,3
Snohomish,53061041904,54,31994,287.9,213.87,381.2,10
Snohomish,53061041905,41,27946,217.82,150.89,309.12,7
Snohomish,53061042001,66,30854,160.77,122.5,211.98,4
Snohomish,53061042003,25,17591,130.43,79.68,206.99,2
Snohomish,53061042004,34,23492,208.54,141.26,298.48,7
Snohomish,53061042005,19,27633,80.65,45.57,143.63,1
Snohomish,53061042006,24,24352,181.53,110.39,286.24,5
Snohomish,53061050101,27,14877,151.02,97.08,233.83,3
Snohomish,53061050102,32,30515,124.37,82.53,182.01,2
Snohomish,53061050200,42,21633,128.5,91.03,190.65,2
Snohomish,53061050300,70,27737,136.82,105.6,188.7,2
Snohomish,53061050401,72,36602,126.53,98.78,162.84,2
Snohomish,53061050402,83,27901,189.9,150.93,241.62,6
Snohomish,53061050500,112,35050,79.77,65.34,112.75,1
Snohomish,53061050600,16,6573,170 (NR),96.69 (NR),572.74 (NR),4
Snohomish,53061050700,85,31697,171.06,136.26,216.64,5
Snohomish,53061050800,61,32693,136.97,104.19,180.31,2
Snohomish,53061050900,32,16832,132.06,89.44,198.31,2
Snohomish,53061051000,32,22658,119.43,81.3,172.19,1
Snohomish,53061051100,77,21815,247.8,194.63,315.08,9
Snohomish,53061051200,39,22744,164.86,116.27,228.67,4
Snohomish,53061051300,67,37888,187.47,144.57,240.22,6
Snohomish,53061051400,70,42356,174.36,135.49,221.53,5
Snohomish,53061051500,73,28891,133.33,102.32,175.27,2
Snohomish,53061051601,31,25457,123.09,82.31,178.83,2
Snohomish,53061051602,49,21266,122.57,90.06,172.78,2
Snohomish,53061051701,78,28637,194.8,153.32,247.04,6
Snohomish,53061051702,105,25807,209.14,169.98,261.94,7
Snohomish,53061051802,51,33635,136.48,100.55,183.54,2
Snohomish,53061051803,67,33132,385.91,294.15,499.06,10
Snohomish,53061051804,19,31345,100.91,57.62,169.02,1
Snohomish,53061051905,62,46712,147.75,111.12,193.93,3
Snohomish,53061051912,17,12098,159,89.29,276.38,4
Snohomish,53061051913,35,22824,169.25,114.78,242.74,4
Snohomish,53061051914,38,22029,165.76,115.57,235.18,4
Snohomish,53061051915,61,42168,191.73,145.4,249.15,6
Snohomish,53061051916,17,21872,106.04,59.82,176.32,1
Snohomish,53061051917,29,21845,74.25,49.67,114.54,1
Snohomish,53061051918,45,26959,118.56,85.62,164.25,1
Snohomish,53061051921,23,24695,141.62,84.68,226.88,3
Snohomish,53061051922,33,29070,131.66,89.65,190.86,2
Snohomish,53061051923,21,36405,147.75,84.93,243.46,3
Snohomish,53061051924,58,36780,203.37,153.33,265.76,7
Snohomish,53061051925,37,42238,130,89.64,183.21,2
Snohomish,53061051926,41,27578,167.64,118.67,231.76,4
Snohomish,53061051927,20,29592,99.35,58.94,158.9,1
Snohomish,53061051928,21,30078,109.85,67.29,169.72,1
Snohomish,53061052003,37,55454,123.58,84.41,175.88,2
Snohomish,53061052004,86,31603,146.64,115.8,186.85,3
Snohomish,53061052005,48,29038,104.56,76,150.93,1
Snohomish,53061052006,20,22302,163.06,98.25,255.51,4
Snohomish,53061052007,17,27204,119.69,61.06,218.48,1
Snohomish,53061052104,22,18784,131.4,79.17,209.47,2
Snohomish,53061052105,17,10109,145.98,81.91,250.63,3
Snohomish,53061052107,28,31850,172.06,109.38,260.7,5
Snohomish,53061052108,41,30850,150.04,105.69,210.23,3
Snohomish,53061052112,20,14414,158.94,93.85,260.91,4
Snohomish,53061052113,13,16615,94.47 (NR),46.82 (NR),186.41 (NR),1
Snohomish,53061052114,13,25830,110.39 (NR),51.03 (NR),213.48 (NR),1
Snohomish,53061052115,24,35177,164.6,97.66,263.31,4
Snohomish,53061052118,40,37069,193.87,133.95,273.39,6
Snohomish,53061052203,34,30844,186.85,124.81,270.92,6
Snohomish,53061052204,16,27962,142.11 (NR),77.98 (NR),240.42 (NR),3
Snohomish,53061052206,27,25061,146.02,92.39,222.41,3
Snohomish,53061052207,31,29309,129.89,86.6,188.16,2
Snohomish,53061052208,97,21672,218.16,171,279.48,7
Snohomish,53061052209,34,26645,183.97,125.05,263.02,5
Snohomish,53061052301,47,25821,228.1,161.51,315.82,8
Snohomish,53061052302,44,20400,277.66,195.11,388.1,10
Snohomish,53061052401,85,20970,215.9,171.36,276.54,7
Snohomish,53061052402,35,20654,166.4,114.85,235.67,4
Snohomish,53061052502,58,26131,176.9,133.9,233.89,5
Snohomish,53061052503,50,45295,152.35,111.92,203.18,3
Snohomish,53061052504,22,13666,190.68,115.61,301.76,6
Snohomish,53061052603,16,13394,157.08 (NR),86.05 (NR),268.02 (NR),4
Snohomish,53061052604,37,25265,162.12,112.39,228.42,4
Snohomish,53061052605,47,30589,213.5,154.92,287.93,7
Snohomish,53061052606,30,28116,184.83,120.79,272.33,5
Snohomish,53061052607,23,32180,170.19,102.06,270.92,4
Snohomish,53061052701,20,9646,254.8,145.48,432.91,9
Snohomish,53061052705,62,42209,213.06,158.98,281.73,7
Snohomish,53061052706,32,29179,284.14,173.57,447.69,10
Snohomish,53061052707,24,22036,220.23,132.45,349,8
Snohomish,53061052708,31,27540,142.97,95.46,207.17,3
Snohomish,53061052709,34,17623,264.45,174.24,389.21,9
Snohomish,53061052803,57,30564,186.5,139.88,245.12,6
Snohomish,53061052804,62,40678,161.29,121.38,211.18,4
Snohomish,53061052805,97,22164,200.72,160.1,254.59,6
Snohomish,53061052806,51,36513,178.91,131.91,238.08,5
Snohomish,53061052903,76,20748,335.52,263.55,423.25,10
Snohomish,53061052904,70,27836,208.37,162.27,265.46,7
Snohomish,53061052905,86,22172,240.61,188.56,307.73,8
Snohomish,53061052906,54,23176,180.29,134.68,239.38,5
Snohomish,53061053101,48,24795,148.28,106.67,204.01,3
Snohomish,53061053102,63,27622,186.13,140.16,249.42,6
Snohomish,53061053201,78,21800,140.07,107.63,194.07,2
Snohomish,53061053202,52,22841,195.43,142.37,269.19,6
Snohomish,53061053301,122,34456,177.52,145.77,216.64,5
Snohomish,53061053302,51,32296,143.82,105.49,194.4,3
Snohomish,53061053400,68,30464,215.34,164.69,280.47,7
Snohomish,53061053504,96,34715,172.73,138.52,214.75,5
Snohomish,53061053505,46,28697,207.33,145.77,289.74,7
Snohomish,53061053506,53,29677,170.39,125.59,230.1,5
Snohomish,53061053507,32,25844,173.53,115.28,252.99,5
Snohomish,53061053508,42,17693,202.24,144.4,279.05,7
Snohomish,53061053509,55,20906,218.88,164.48,289.5,7
Snohomish,53061053602,47,32455,156.98,111.48,216.77,4
Snohomish,53061053603,33,21538,165.09,110.23,243.85,4
Snohomish,53061053604,42,23529,170.7,121.37,237.49,5
Snohomish,53061053700,57,16188,265.58,197.09,357.46,9
Snohomish,53061053801,42,19750,234.97,164.57,328.38,8
Snohomish,53061053802,57,30066,269.75,200.62,356.79,9
Snohomish,53061053803,48,27996,165.58,119.57,225.16,4
Snohomish,53061940001,65,34594,187.34,141.76,244.11,6
Snohomish,53061940002,59,22490,268.8,196.48,363.58,9
Snohomish,53061990002,0,0,0 (NR),0 (NR),0 (NR),1
Snohomish,53061990100,0,0,0 (NR),0 (NR),0 (NR),1
Spokane,53063000200,42,23684,209.31,148.42,288.14,7
Spokane,53063000300,68,27402,323.57,247.98,416.87,10
Spokane,53063000400,60,20807,252.51,191.81,330.58,9
Spokane,53063000500,38,17151,164.57,115.72,233.55,4
Spokane,53063000600,25,15188,141.66,91.3,214.9,3
Spokane,53063000700,42,25085,144.02,103.32,197.8,3
Spokane,53063000800,61,23912,135.32,103.15,187.18,2
Spokane,53063000900,121,30511,230.04,190.67,279.29,8
Spokane,53063001000,55,27738,145.88,109.47,193.28,3
Spokane,53063001100,37,16334,144.26,100.47,208.34,3
Spokane,53063001200,16,11148,135.98 (NR),75.9 (NR),228.53 (NR),2
Spokane,53063001300,24,17343,144.54,91.19,220.85,3
Spokane,53063001400,63,31671,221.9,169.76,285.99,8
Spokane,53063001500,56,27952,231.93,173.58,305.49,8
Spokane,53063001600,43,18865,231.02,165.81,316.1,8
Spokane,53063001800,98,14086,271.25,205.93,360.61,9
Spokane,53063001900,26,17889,149.93,96.46,224.88,3
Spokane,53063002000,29,21279,194.22,126.47,288.94,6
Spokane,53063002100,20,12486,190.24,112.94,304.94,6
Spokane,53063002300,55,29141,185.53,137.9,246.05,6
Spokane,53063002400,65,14834,364.9,277.18,486.91,10
Spokane,53063002500,74,44173,215.97,166.58,280.72,7
Spokane,53063002600,43,26899,232.39,165.5,319.55,8
Spokane,53063002900,43,17090,204.77,146.02,282.73,7
Spokane,53063003000,30,14107,288.81,189.91,429.1,10
Spokane,53063003100,40,25491,201.63,141.3,282.77,7
Spokane,53063003200,109,12754,358.69,278.2,507.97,10
Spokane,53063003500,58,13439,294.92,219.33,532.82,10
Spokane,53063003600,44,22851,175.72,123.79,257.45,5
Spokane,53063003800,35,9020,292.19,200.71,427.97,10
Spokane,53063003900,40,10573,171.74,122.24,278.73,5
Spokane,53063004000,29,24988,171.32,112.01,253.88,5
Spokane,53063004100,21,10572,119.72,73.88,202.68,1
Spokane,53063004200,29,23726,104.21,68.95,155.64,1
Spokane,53063004300,31,16791,111.43,75.01,168.72,1
Spokane,53063004400,48,21999,133.61,96.37,185.91,2
Spokane,53063004500,27,18495,131.03,84.76,198.32,2
Spokane,53063004601,126,18100,194.74,151.79,260.04,6
Spokane,53063004602,25,16222,165.11,105.71,248.71,4
Spokane,53063004700,106,33846,158.87,126.61,200.23,4
Spokane,53063004800,47,19840,117,84.75,166.11,1
Spokane,53063004900,74,27562,150.08,117.34,194.87,3
Spokane,53063005000,130,21277,264.72,214.12,332.01,9
Spokane,53063010100,60,32341,192.12,143.74,256.53,6
Spokane,53063010201,36,21552,164.22,111.19,238.67,4
Spokane,53063010202,65,36757,251.29,189.35,331.26,9
Spokane,53063010301,55,24381,204.01,151.85,272.32,7
Spokane,53063010303,37,16039,185.54,127.52,279.54,6
Spokane,53063010304,68,30921,242.57,184.36,315.78,9
Spokane,53063010305,47,33496,181.96,129.24,251.22,5
Spokane,53063010401,40,37748,158.45,107.67,227.72,4
Spokane,53063010402,59,36435,164.73,118.72,225.91,4
Spokane,53063010501,116,43312,174.19,143.68,212.57,5
Spokane,53063010503,63,41870,160.21,120.42,212.33,4
Spokane,53063010504,34,18500,136.58,93.69,204.18,2
Spokane,53063010601,48,18312,161.56,118.65,224.69,4
Spokane,53063010602,83,41284,213.07,167.56,268.44,7
Spokane,53063010700,34,40073,241.89,159.7,353.63,8
Spokane,53063010800,36,11110,203.43,137.13,302.63,7
Spokane,53063010900,55,24629,182.37,135.12,253.5,5
Spokane,53063011000,57,17886,190.6,139.77,261.09,6
Spokane,53063011101,154,28071,281.31,231.21,345.03,10
Spokane,53063011102,83,18369,283.42,218.54,366.65,10
Spokane,53063011201,153,35705,268.5,224.71,321.66,9
Spokane,53063011202,39,20769,166.79,116.48,235.95,4
Spokane,53063011300,72,41350,153.38,118.91,196.85,3
Spokane,53063011400,66,28744,247.47,189.13,319.25,9
Spokane,53063011500,25,7294,252.98,161.24,390.11,9
Spokane,53063011600,12,9005,100.92 (NR),51.12 (NR),195.07 (NR),1
Spokane,53063011701,32,11730,207.15,139.49,305.47,7
Spokane,53063011702,41,33460,233.78,161.27,331.8,8
Spokane,53063011800,100,25336,214.67,171.76,271.13,7
Spokane,53063011900,65,22439,219.33,166.43,287.27,8
Spokane,53063012000,55,20150,185.47,138.6,248.9,6
Spokane,53063012100,29,13150,204.5,136.18,299.72,7
Spokane,53063012200,20,11847,193.34,114.43,314.51,6
Spokane,53063012300,72,29081,249.5,192.8,319.43,9
Spokane,53063012401,76,22572,166.43,130.09,223.29,4
Spokane,53063012402,50,37242,148.69,106.93,205.14,3
Spokane,53063012500,105,18091,481.36,390.43,589.92,10
Spokane,53063012600,49,18670,219.01,161.34,294.23,8
Spokane,53063012701,95,18853,167.74,131.95,220.89,4
Spokane,53063012702,26,10847,146.83,95.63,227.95,3
Spokane,53063012801,52,20536,239.44,176.59,321.42,8
Spokane,53063012802,32,16530,144.25,97.68,212.35,3
Spokane,53063012901,67,15719,214.99,163.61,288.08,7
Spokane,53063012902,110,35642,194.06,158.75,237.62,6
Spokane,53063013000,96,49003,151.6,121.86,187.73,3
Spokane,53063013100,116,64281,190.01,153.88,233.07,6
Spokane,53063013201,75,38258,270,204.61,351.37,9
Spokane,53063013202,76,55625,147.42,115.63,185.86,3
Spokane,53063013300,28,16017,164.35,105.48,264.93,4
Spokane,53063013401,33,26512,120.41,81.9,175.99,2
Spokane,53063013500,50,47936,143.03,102.73,195.05,3
Spokane,53063013600,34,22620,156.18,106.57,223,4
Spokane,53063013700,24,22017,144.11,87.9,225.93,3
Spokane,53063013800,0,13383,0 (NR),0 (NR),0 (NR),1
Spokane,53063013900,53,28651,200.08,146.8,267.82,6
Spokane,53063014001,20,28629,126.5,75.31,208.99,2
Spokane,53063014002,43,29867,168.99,121.3,232.38,4
Spokane,53063014100,46,31593,191.38,133.85,267.63,6
Spokane,53063014200,32,18069,186.9,124.09,298.39,6
Spokane,53063014300,53,16762,195.9,144.44,267.89,6
Spokane,53063014400,44,25127,205.02,147.83,277.91,7
Spokane,53063014500,30,11606,379.02,236,586.63,10
Stevens,53065941000,26,10566,273.04,175.23,412.92,9
Stevens,53065950100,112,37797,155.08,126.68,192.99,3
Stevens,53065950200,63,19984,206.82,157.95,273.58,7
Stevens,53065950300,62,13114,239.49,179.93,328.02,8
Stevens,53065950500,71,11830,206.54,157.09,286.77,7
Stevens,53065950600,29,11857,165.05,106.29,263.9,4
Stevens,53065950700,46,13062,159.24,109.19,240.45,4
Stevens,53065950800,73,16668,257.3,199.32,348.01,9
Stevens,53065950900,23,8254,150.95,92.88,273.94,3
Stevens,53065951100,51,18979,178.88,130.43,248.35,5
Stevens,53065951300,62,22934,187.98,140.87,252,6
Stevens,53065951400,74,40086,156.29,119.5,202.81,4
Thurston,53067010100,52,18436,171.15,125.87,249.08,5
Thurston,53067010200,52,26639,167.11,124.4,223.57,4
Thurston,53067010300,38,26262,175.44,122.8,244.83,5
Thurston,53067010400,39,17828,149.02,105.02,211.52,3
Thurston,53067010510,84,13842,233.23,161.53,344.21,8
Thurston,53067010520,51,31098,145.44,106.59,196.45,3
Thurston,53067010600,55,31547,164.19,122.35,219.38,4
Thurston,53067010700,32,30309,105.75,71.6,154.95,1
Thurston,53067010800,81,34341,188.69,149.5,237.81,6
Thurston,53067010910,43,40247,149.14,104.53,208.61,3
Thurston,53067010920,126,23936,223.92,180.18,282.28,8
Thurston,53067011000,53,25468,197.61,145.58,267.03,6
Thurston,53067011100,27,21195,121.7,79.01,180.92,2
Thurston,53067011200,76,27066,178.39,137.43,232.73,5
Thurston,53067011300,160,22764,159.63,127.02,208,4
Thurston,53067011410,64,26310,181.67,139.43,235.98,5
Thurston,53067011420,64,35590,174.24,132.87,225.84,5
Thurston,53067011500,70,29027,238.88,184.32,305.89,8
Thurston,53067011610,76,38981,142.6,112.02,181.14,3
Thurston,53067011621,155,38933,211.75,176.85,254.06,7
Thurston,53067011622,25,22810,146.57,93,221.77,3
Thurston,53067011623,37,31101,132.78,92.96,186.55,2
Thurston,53067011624,33,20419,249.06,164.12,366.43,9
Thurston,53067011710,65,41325,129.25,99.07,168.16,2
Thurston,53067011720,41,27826,165.69,117.01,229.07,4
Thurston,53067011810,28,18663,145.26,94.36,229.1,3
Thurston,53067011821,52,23718,172.67,127.85,235.57,5
Thurston,53067011822,34,22220,173.14,117.75,248.25,5
Thurston,53067011900,61,37260,143.01,107.42,191.04,3
Thurston,53067012000,53,41456,150.93,111.5,203.53,3
Thurston,53067012100,55,22928,155.45,116.37,214.42,3
Thurston,53067012211,34,13548,195.87,134.54,297.23,6
Thurston,53067012212,195,37366,194.2,163.58,232.53,6
Thurston,53067012221,54,33952,128.32,95.23,171.57,2
Thurston,53067012222,76,53244,150.76,114.06,197.06,3
Thurston,53067012310,96,51674,183.59,147.79,226.01,5
Thurston,53067012320,30,15020,164.87,109.1,244.67,4
Thurston,53067012330,33,24700,210.67,139.28,309.88,7
Thurston,53067012411,110,45681,241,197.71,291.51,8
Thurston,53067012412,40,27236,171.11,121.41,235.1,5
Thurston,53067012420,27,22439,119.45,75.44,181.51,1
Thurston,53067012510,31,17056,316.24,185.97,532.79,10
Thurston,53067012520,80,39400,182.06,142.09,232.52,5
Thurston,53067012530,43,21784,212.61,148.24,298.25,7
Thurston,53067012610,69,32165,218.37,166.68,283.5,7
Thurston,53067012620,53,24149,191.57,141.2,256.07,6
Thurston,53067012710,18,11917,135.43,77.04,226.42,2
Thurston,53067012720,96,33135,333.21,262.04,420.08,10
Thurston,53067012730,70,34080,218.18,166.79,281.75,7
Thurston,53067990100,0,0,0 (NR),0 (NR),0 (NR),1
Wahkiakum,53069950100,82,20530,170.39,131.24,231.72,5
Walla Walla,53071920000,43,26501,178.9,127.61,245.82,5
Walla Walla,53071920100,48,25498,148.55,108.04,204.79,3
Walla Walla,53071920200,46,21042,155.86,113.71,215.11,3
Walla Walla,53071920300,130,46406,147.87,121.41,182.82,3
Walla Walla,53071920400,12,12386,413.01 (NR),154.76 (NR),3587.09 (NR),10
Walla Walla,53071920500,15,14585,144.74 (NR),77.76 (NR),254.99 (NR),3
Walla Walla,53071920600,150,31919,218.11,181.3,264.68,7
Walla Walla,53071920701,69,19738,160.55,120.67,218,4
Walla Walla,53071920702,58,24036,163.65,122.95,218.11,4
Walla Walla,53071920801,37,25747,122.93,86,173.67,2
Walla Walla,53071920802,97,17166,206.55,156.6,312.32,7
Walla Walla,53071920900,87,43686,120.06,95.09,153.04,2
Whatcom,53073000100,179,52551,180.14,153.8,212.2,5
Whatcom,53073000200,174,55947,156.49,133.04,185.53,4
Whatcom,53073000300,105,39035,224.07,182.15,274.92,8
Whatcom,53073000400,126,32651,180.62,146.56,223.76,5
Whatcom,53073000501,51,27097,233.69,173.08,312.22,8
Whatcom,53073000502,19,14685,159.13,94.05,263.6,4
Whatcom,53073000600,12,10690,96.27 (NR),46.8 (NR),217.14 (NR),1
Whatcom,53073000700,45,33528,182.91,132.85,246.23,5
Whatcom,53073000803,44,32899,102.53,73.88,141.66,1
Whatcom,53073000804,33,34829,105.79,71.85,152.35,1
Whatcom,53073000805,45,26389,138.07,99.87,191.01,2
Whatcom,53073000806,53,41507,173.46,123.87,238.43,5
Whatcom,53073000901,69,36337,145.54,112.11,189.5,3
Whatcom,53073000902,45,31603,99.73,72.07,141.75,1
Whatcom,53073001000,18,38999,141.14,81.99,265.69,3
Whatcom,53073001100,71,34706,105.4,81.76,153.59,1
Whatcom,53073001201,48,34376,237.96,174.39,322.04,8
Whatcom,53073001202,115,18869,176.22,140.38,286.08,5
Whatcom,53073010100,75,42969,212.81,162,276.85,7
Whatcom,53073010200,76,44916,179.35,140.54,226.38,5
Whatcom,53073010301,65,36704,117.97,90.3,154.61,1
Whatcom,53073010302,72,26226,118.87,88.8,162.09,1
Whatcom,53073010303,111,30238,177.34,143.59,220.7,5
Whatcom,53073010401,118,44497,206.29,169.88,250.59,7
Whatcom,53073010403,56,28741,128.25,93.85,178.61,2
Whatcom,53073010404,72,33667,200.34,153.67,258.1,6
Whatcom,53073010501,77,44198,167.07,131.4,210.6,4
Whatcom,53073010502,83,42487,179.58,142,225.09,5
Whatcom,53073010600,67,35416,157.68,121.74,203.35,4
Whatcom,53073010701,60,32896,161,121.76,211.74,4
Whatcom,53073010702,34,23394,164.96,112.11,236.22,4
Whatcom,53073010900,14,5305,188.55 (NR),97.09 (NR),481.79 (NR),6
Whatcom,53073011000,11,8367,84.13 (NR),37.54 (NR),319.41 (NR),1
Whatcom,53073940000,68,25772,284.82,217.36,368.68,10
Whitman,53075000100,**,36044,**,**,**,8
Whitman,53075000200,48,35269,229.7,164.88,313.93,8
Whitman,53075000300,51,28131,235.43,174.58,311.22,8
Whitman,53075000400,80,19618,263.17,203.62,343.78,9
Whitman,53075000500,0,15816,0 (NR),0 (NR),0 (NR),1
Whitman,53075000600,**,45184,**,**,**,5
Whitman,53075000700,57,18489,222.36,166.01,297.87,8
Whitman,53075000800,70,17783,241.98,187.02,314.61,8
Whitman,53075000900,76,18911,260.59,203.33,337.09,9
Whitman,53075001000,22,11155,166.83,102.11,271.53,4
Yakima,53077000100,70,16146,482.6,372.48,617.03,10
Yakima,53077000200,55,28869,315.69,226.83,437.17,10
Yakima,53077000300,190,23459,340.51,283.98,410.84,10
Yakima,53077000400,185,38225,222.1,189.17,263.73,8
Yakima,53077000500,199,27209,281.06,234.1,339.2,10
Yakima,53077000600,47,35124,317.55,221.82,445.13,10
Yakima,53077000700,96,36193,293.7,237.15,360.64,10
Yakima,53077000800,84,22915,199.86,158.11,255.63,6
Yakima,53077000901,133,39100,202.91,169.23,244.29,7
Yakima,53077000902,60,19654,267.15,203.18,348.51,9
Yakima,53077001000,77,29757,258.23,202.87,325.4,9
Yakima,53077001100,96,35496,209.23,168.83,259.01,7
Yakima,53077001201,37,20300,265.01,184.72,370.82,9
Yakima,53077001202,74,32078,221.37,172.98,280.89,8
Yakima,53077001300,40,13837,246.59,173.97,346,9
Yakima,53077001400,93,17683,546.77,439.66,674,10
Yakima,53077001501,61,36617,267.84,201.68,352.82,9
Yakima,53077001502,21,14341,272.86,156.02,465.93,9
Yakima,53077001601,47,12436,376.85,269.4,520.92,10
Yakima,53077001602,119,44213,169.61,139.73,206.35,4
Yakima,53077001701,42,16491,221.42,156.92,309.09,8
Yakima,53077001702,56,33476,215.79,161.1,284.54,7
Yakima,53077001800,73,36675,209.04,163.29,264.73,7
Yakima,53077001901,21,20146,190.9,113.68,305.57,6
Yakima,53077001902,42,32428,179.08,128.14,244.81,5
Yakima,53077002001,56,43444,195.03,146.9,254.61,6
Yakima,53077002002,96,45755,199.38,159.96,246.62,6
Yakima,53077002101,21,9984,346.37,199.24,569.72,10
Yakima,53077002102,60,42685,225.25,169.68,294.35,8
Yakima,53077002200,84,40407,237.8,188.36,297.18,8
Yakima,53077002701,16,17561,130.3 (NR),73.01 (NR),217.38 (NR),2
Yakima,53077002801,67,27969,241.27,181.93,317.06,8
Yakima,53077002802,97,41668,229.73,184.75,283.47,8
Yakima,53077002900,60,34287,187.19,140.89,245.25,6
Yakima,53077003001,75,24442,279.74,215.51,362.33,10
Yakima,53077003002,45,19490,185.23,133.29,256.52,6
Yakima,53077003100,54,27255,142.79,105.82,193.15,3
Yakima,53077003200,70,35050,242.63,187.75,309.35,9
Yakima,53077003400,45,22499,177.08,125.97,251.48,5
Yakima,53077940001,79,33026,291.33,229.03,366.07,10
Yakima,53077940002,73,22661,381.64,295.09,487.69,10
Yakima,53077940003,58,18906,329.21,244.54,437.51,10
Yakima,53077940004,67,34211,335.3,256.36,432.96,10
Yakima,53077940005,48,24031,283.32,207.97,378.3,10
Yakima,53077940006,31,24353,242.71,161.11,355.61,9
,,,,,,,
,,,,,,,
"Cardiovascular Disease Mortality - Age Adjusted Rate per 100,000",,,,,,,
"Geography: Census Tract, Time Period: 2016-2020",,,,,,,
Created: 12/10/2022,,,,,,,
,,,,,,,
"""**"" indicates data suppression to protect confidentiality.",,,,,,,
,,,,,,,
"""--"" indicates no data collected.",,,,,,,
,,,,,,,
"""NR"" indicates data are not reliable.",,,,,,,
